,Country,Subject Descriptor,Subject Notes,Units,Country/Series-specific Notes,2015,2016,2017,2018,2019,Avg. Unemployment
0,Albania,Unemployment rate,"Unemployment rate can be defined by either the national definition, the ILO harmonized definition, or the OECD harmonized definition. The OECD harmonized unemployment rate gives the number of unemployed persons as a percentage of the labor force (the total number of people employed plus unemployed). [OECD Main Economic Indicators, OECD, monthly] As defined by the International Labour Organization, unemployed workers are those who are currently not working but are willing and able to work for pay, currently available to work, and have actively searched for work. [ILO, http://www.ilo.org/public/english/bureau/stat/res/index.htm]",Percent of total labor force,Source: National Statistics Office Latest actual data: 2019 Employment type: National definition Primary domestic currency: Albanian lek Data last updated: 08/2020,17.1,15.2,13.7,12.3,11.5,13.959999999999999
1,Algeria,Unemployment rate,"Unemployment rate can be defined by either the national definition, the ILO harmonized definition, or the OECD harmonized definition. The OECD harmonized unemployment rate gives the number of unemployed persons as a percentage of the labor force (the total number of people employed plus unemployed). [OECD Main Economic Indicators, OECD, monthly] As defined by the International Labour Organization, unemployed workers are those who are currently not working but are willing and able to work for pay, currently available to work, and have actively searched for work. [ILO, http://www.ilo.org/public/english/bureau/stat/res/index.htm]",Percent of total labor force,Source: National Statistics Office Latest actual data: 2019 Employment type: Harmonized ILO definition Primary domestic currency: Algerian dinar Data last updated: 09/2020,11.214,10.498,11.709,11.731,11.383,11.306999999999999
2,Argentina,Unemployment rate,"Unemployment rate can be defined by either the national definition, the ILO harmonized definition, or the OECD harmonized definition. The OECD harmonized unemployment rate gives the number of unemployed persons as a percentage of the labor force (the total number of people employed plus unemployed). [OECD Main Economic Indicators, OECD, monthly] As defined by the International Labour Organization, unemployed workers are those who are currently not working but are willing and able to work for pay, currently available to work, and have actively searched for work. [ILO, http://www.ilo.org/public/english/bureau/stat/res/index.htm]",Percent of total labor force,Source: National Statistics Office Latest actual data: 2019 Notes: Argentina's authorities discontinued the publication of labor market data in December 2015 and released new series starting in the second quarter of 2016. Employment type: National definition Primary domestic currency: Argentine peso Data last updated: 09/2020,6.533,8.467,8.35,9.2,9.825,8.475
3,Armenia,Unemployment rate,"Unemployment rate can be defined by either the national definition, the ILO harmonized definition, or the OECD harmonized definition. The OECD harmonized unemployment rate gives the number of unemployed persons as a percentage of the labor force (the total number of people employed plus unemployed). [OECD Main Economic Indicators, OECD, monthly] As defined by the International Labour Organization, unemployed workers are those who are currently not working but are willing and able to work for pay, currently available to work, and have actively searched for work. [ILO, http://www.ilo.org/public/english/bureau/stat/res/index.htm]",Percent of total labor force,Source: ILO Latest actual data: 2015 Employment type: National definition Primary domestic currency: Armenian dram Data last updated: 07/2020,18.5,18.0,20.9,20.5,18.9,19.360000000000003
4,Aruba,Unemployment rate,"Unemployment rate can be defined by either the national definition, the ILO harmonized definition, or the OECD harmonized definition. The OECD harmonized unemployment rate gives the number of unemployed persons as a percentage of the labor force (the total number of people employed plus unemployed). [OECD Main Economic Indicators, OECD, monthly] As defined by the International Labour Organization, unemployed workers are those who are currently not working but are willing and able to work for pay, currently available to work, and have actively searched for work. [ILO, http://www.ilo.org/public/english/bureau/stat/res/index.htm]",Percent of total labor force,Source: National Statistics Office Latest actual data: 2018 Employment type: Harmonized ILO definition Primary domestic currency: Aruban Florin (Afl.) Data last updated: 09/2020,7.298,7.694,8.923,7.283,7.544,7.748399999999999
5,Australia,Unemployment rate,"Unemployment rate can be defined by either the national definition, the ILO harmonized definition, or the OECD harmonized definition. The OECD harmonized unemployment rate gives the number of unemployed persons as a percentage of the labor force (the total number of people employed plus unemployed). [OECD Main Economic Indicators, OECD, monthly] As defined by the International Labour Organization, unemployed workers are those who are currently not working but are willing and able to work for pay, currently available to work, and have actively searched for work. [ILO, http://www.ilo.org/public/english/bureau/stat/res/index.htm]",Percent of total labor force,Source: National Statistics Office. Australian Bureau of Statistics (via Haver Analytics) Latest actual data: 2019. Data refer to calendar years Employment type: National definition Primary domestic currency: Australian dollar Data last updated: 09/2020,6.05,5.7,5.583,5.292,5.158,5.5566
6,Austria,Unemployment rate,"Unemployment rate can be defined by either the national definition, the ILO harmonized definition, or the OECD harmonized definition. The OECD harmonized unemployment rate gives the number of unemployed persons as a percentage of the labor force (the total number of people employed plus unemployed). [OECD Main Economic Indicators, OECD, monthly] As defined by the International Labour Organization, unemployed workers are those who are currently not working but are willing and able to work for pay, currently available to work, and have actively searched for work. [ILO, http://www.ilo.org/public/english/bureau/stat/res/index.htm]",Percent of total labor force,Source: National Statistics Office Latest actual data: 2019 Employment type: Harmonized ILO definition Primary domestic currency: Euro Data last updated: 09/2020,5.742,6.042,5.508,4.883,4.5,5.334999999999999
7,Azerbaijan,Unemployment rate,"Unemployment rate can be defined by either the national definition, the ILO harmonized definition, or the OECD harmonized definition. The OECD harmonized unemployment rate gives the number of unemployed persons as a percentage of the labor force (the total number of people employed plus unemployed). [OECD Main Economic Indicators, OECD, monthly] As defined by the International Labour Organization, unemployed workers are those who are currently not working but are willing and able to work for pay, currently available to work, and have actively searched for work. [ILO, http://www.ilo.org/public/english/bureau/stat/res/index.htm]",Percent of total labor force,Source: National Statistics Office Latest actual data: 2018 Employment type: Harmonized ILO definition Primary domestic currency: Azerbaijan manat Data last updated: 09/2020,4.958,5.043,4.961,4.944,4.848,4.9508
8,The Bahamas,Unemployment rate,"Unemployment rate can be defined by either the national definition, the ILO harmonized definition, or the OECD harmonized definition. The OECD harmonized unemployment rate gives the number of unemployed persons as a percentage of the labor force (the total number of people employed plus unemployed). [OECD Main Economic Indicators, OECD, monthly] As defined by the International Labour Organization, unemployed workers are those who are currently not working but are willing and able to work for pay, currently available to work, and have actively searched for work. [ILO, http://www.ilo.org/public/english/bureau/stat/res/index.htm]",Percent of total labor force,Source: National Statistics Office Latest actual data: 2018 Employment type: National definition Primary domestic currency: Bahamian dollar Data last updated: 09/2020,13.379,12.15,10.1,10.35,10.653,11.3264
9,Bahrain,Unemployment rate,"Unemployment rate can be defined by either the national definition, the ILO harmonized definition, or the OECD harmonized definition. The OECD harmonized unemployment rate gives the number of unemployed persons as a percentage of the labor force (the total number of people employed plus unemployed). [OECD Main Economic Indicators, OECD, monthly] As defined by the International Labour Organization, unemployed workers are those who are currently not working but are willing and able to work for pay, currently available to work, and have actively searched for work. [ILO, http://www.ilo.org/public/english/bureau/stat/res/index.htm]",Percent of total labor force,Source: Other Latest actual data: 2018 Employment type: National definition Primary domestic currency: Bahrain dinar Data last updated: 08/2020,3.358,3.7,3.58,3.932,4.0,3.714
10,Barbados,Unemployment rate,"Unemployment rate can be defined by either the national definition, the ILO harmonized definition, or the OECD harmonized definition. The OECD harmonized unemployment rate gives the number of unemployed persons as a percentage of the labor force (the total number of people employed plus unemployed). [OECD Main Economic Indicators, OECD, monthly] As defined by the International Labour Organization, unemployed workers are those who are currently not working but are willing and able to work for pay, currently available to work, and have actively searched for work. [ILO, http://www.ilo.org/public/english/bureau/stat/res/index.htm]",Percent of total labor force,Source: National Statistics Office Latest actual data: 2019 Employment type: National definition Primary domestic currency: Barbados dollar Data last updated: 07/2020,11.3,9.65,9.95,10.05,10.357,10.2614
11,Belarus,Unemployment rate,"Unemployment rate can be defined by either the national definition, the ILO harmonized definition, or the OECD harmonized definition. The OECD harmonized unemployment rate gives the number of unemployed persons as a percentage of the labor force (the total number of people employed plus unemployed). [OECD Main Economic Indicators, OECD, monthly] As defined by the International Labour Organization, unemployed workers are those who are currently not working but are willing and able to work for pay, currently available to work, and have actively searched for work. [ILO, http://www.ilo.org/public/english/bureau/stat/res/index.htm]",Percent of total labor force,"Source: National Statistics Office. Formally, the National Statistical Committee of the Republic of Belarus Latest actual data: 2018 Employment type: National definition Primary domestic currency: Belarusian rubel Data last updated: 09/2020",0.912,1.017,0.768,0.428,0.295,0.6839999999999999
12,Belgium,Unemployment rate,"Unemployment rate can be defined by either the national definition, the ILO harmonized definition, or the OECD harmonized definition. The OECD harmonized unemployment rate gives the number of unemployed persons as a percentage of the labor force (the total number of people employed plus unemployed). [OECD Main Economic Indicators, OECD, monthly] As defined by the International Labour Organization, unemployed workers are those who are currently not working but are willing and able to work for pay, currently available to work, and have actively searched for work. [ILO, http://www.ilo.org/public/english/bureau/stat/res/index.htm]",Percent of total labor force,Source: Central Bank. Some indicators have been affected by the benchmark national account revision 1995-2018 released in Sept 2019. Latest actual data: 2019 Employment type: Harmonized ILO definition Primary domestic currency: Euro Data last updated: 09/2020,8.483,7.842,7.117,5.958,5.358,6.951599999999999
13,Belize,Unemployment rate,"Unemployment rate can be defined by either the national definition, the ILO harmonized definition, or the OECD harmonized definition. The OECD harmonized unemployment rate gives the number of unemployed persons as a percentage of the labor force (the total number of people employed plus unemployed). [OECD Main Economic Indicators, OECD, monthly] As defined by the International Labour Organization, unemployed workers are those who are currently not working but are willing and able to work for pay, currently available to work, and have actively searched for work. [ILO, http://www.ilo.org/public/english/bureau/stat/res/index.htm]",Percent of total labor force,Source: National Statistics Office Latest actual data: 2019. Data for 2010 and 2011 are staff estimates because there was no labor force survey conducted for those years. Employment type: National definition Primary domestic currency: Belize dollar Data last updated: 09/2020,10.157,9.55,9.35,9.725,9.0,9.5564
14,Bolivia,Unemployment rate,"Unemployment rate can be defined by either the national definition, the ILO harmonized definition, or the OECD harmonized definition. The OECD harmonized unemployment rate gives the number of unemployed persons as a percentage of the labor force (the total number of people employed plus unemployed). [OECD Main Economic Indicators, OECD, monthly] As defined by the International Labour Organization, unemployed workers are those who are currently not working but are willing and able to work for pay, currently available to work, and have actively searched for work. [ILO, http://www.ilo.org/public/english/bureau/stat/res/index.htm]",Percent of total labor force,Source: National Statistics Office Latest actual data: 2019 Employment type: National definition Primary domestic currency: Bolivian boliviano Data last updated: 09/2020,4.0,4.0,4.0,4.0,4.0,4.0
15,Bosnia and Herzegovina,Unemployment rate,"Unemployment rate can be defined by either the national definition, the ILO harmonized definition, or the OECD harmonized definition. The OECD harmonized unemployment rate gives the number of unemployed persons as a percentage of the labor force (the total number of people employed plus unemployed). [OECD Main Economic Indicators, OECD, monthly] As defined by the International Labour Organization, unemployed workers are those who are currently not working but are willing and able to work for pay, currently available to work, and have actively searched for work. [ILO, http://www.ilo.org/public/english/bureau/stat/res/index.htm]",Percent of total labor force,Source: National Statistics Office. Figures are derived from the labor force survey using population data from the UN. Latest actual data: 2019 Employment type: National definition Primary domestic currency: Convertible marka Data last updated: 09/2020,27.7,25.4,20.5,18.4,15.7,21.54
16,Brazil,Unemployment rate,"Unemployment rate can be defined by either the national definition, the ILO harmonized definition, or the OECD harmonized definition. The OECD harmonized unemployment rate gives the number of unemployed persons as a percentage of the labor force (the total number of people employed plus unemployed). [OECD Main Economic Indicators, OECD, monthly] As defined by the International Labour Organization, unemployed workers are those who are currently not working but are willing and able to work for pay, currently available to work, and have actively searched for work. [ILO, http://www.ilo.org/public/english/bureau/stat/res/index.htm]",Percent of total labor force,Source: National Statistics Office Latest actual data: 2019. Employment rate (from survey) times official population estimates  the National Statistical Office (IBGE) Employment type: National definition Primary domestic currency: Brazilian real Data last updated: 09/2020,8.283,11.258,12.767,12.258,11.925,11.298199999999998
17,Brunei Darussalam,Unemployment rate,"Unemployment rate can be defined by either the national definition, the ILO harmonized definition, or the OECD harmonized definition. The OECD harmonized unemployment rate gives the number of unemployed persons as a percentage of the labor force (the total number of people employed plus unemployed). [OECD Main Economic Indicators, OECD, monthly] As defined by the International Labour Organization, unemployed workers are those who are currently not working but are willing and able to work for pay, currently available to work, and have actively searched for work. [ILO, http://www.ilo.org/public/english/bureau/stat/res/index.htm]",Percent of total labor force,"Source: National Statistics Office. Department of Economic Planning and Development, Prime Minister's office. Latest actual data: 2018. Unemployment data is not reported for every year. Employment type: National definition Primary domestic currency: Brunei dollar Data last updated: 08/2020",7.7,8.5,9.3,8.7,6.822,8.204400000000001
18,Bulgaria,Unemployment rate,"Unemployment rate can be defined by either the national definition, the ILO harmonized definition, or the OECD harmonized definition. The OECD harmonized unemployment rate gives the number of unemployed persons as a percentage of the labor force (the total number of people employed plus unemployed). [OECD Main Economic Indicators, OECD, monthly] As defined by the International Labour Organization, unemployed workers are those who are currently not working but are willing and able to work for pay, currently available to work, and have actively searched for work. [ILO, http://www.ilo.org/public/english/bureau/stat/res/index.htm]",Percent of total labor force,Source: National Statistics Office Latest actual data: 2019 Employment type: National definition Primary domestic currency: Bulgarian lev Data last updated: 09/2020,9.233,7.666,6.23,5.2,4.2,6.505800000000001
19,Cabo Verde,Unemployment rate,"Unemployment rate can be defined by either the national definition, the ILO harmonized definition, or the OECD harmonized definition. The OECD harmonized unemployment rate gives the number of unemployed persons as a percentage of the labor force (the total number of people employed plus unemployed). [OECD Main Economic Indicators, OECD, monthly] As defined by the International Labour Organization, unemployed workers are those who are currently not working but are willing and able to work for pay, currently available to work, and have actively searched for work. [ILO, http://www.ilo.org/public/english/bureau/stat/res/index.htm]",Percent of total labor force,Source: National Statistics Office Latest actual data: 2018 Primary domestic currency: Cabo Verde escudo Data last updated: 08/2020,12.4,15.0,12.2,12.2,8.5,12.059999999999999
20,Canada,Unemployment rate,"Unemployment rate can be defined by either the national definition, the ILO harmonized definition, or the OECD harmonized definition. The OECD harmonized unemployment rate gives the number of unemployed persons as a percentage of the labor force (the total number of people employed plus unemployed). [OECD Main Economic Indicators, OECD, monthly] As defined by the International Labour Organization, unemployed workers are those who are currently not working but are willing and able to work for pay, currently available to work, and have actively searched for work. [ILO, http://www.ilo.org/public/english/bureau/stat/res/index.htm]",Percent of total labor force,Source: National Statistics Office Latest actual data: 2019 Employment type: National definition Primary domestic currency: Canadian dollar Data last updated: 09/2020,6.9,6.992,6.342,5.833,5.667,6.3468
21,Chile,Unemployment rate,"Unemployment rate can be defined by either the national definition, the ILO harmonized definition, or the OECD harmonized definition. The OECD harmonized unemployment rate gives the number of unemployed persons as a percentage of the labor force (the total number of people employed plus unemployed). [OECD Main Economic Indicators, OECD, monthly] As defined by the International Labour Organization, unemployed workers are those who are currently not working but are willing and able to work for pay, currently available to work, and have actively searched for work. [ILO, http://www.ilo.org/public/english/bureau/stat/res/index.htm]",Percent of total labor force,Source: National Statistics Office Latest actual data: 2019 Employment type: Harmonized OECD definition Primary domestic currency: Chilean peso Data last updated: 09/2020,6.328,6.685,6.965,7.377,7.223,6.9156
22,China,Unemployment rate,"Unemployment rate can be defined by either the national definition, the ILO harmonized definition, or the OECD harmonized definition. The OECD harmonized unemployment rate gives the number of unemployed persons as a percentage of the labor force (the total number of people employed plus unemployed). [OECD Main Economic Indicators, OECD, monthly] As defined by the International Labour Organization, unemployed workers are those who are currently not working but are willing and able to work for pay, currently available to work, and have actively searched for work. [ILO, http://www.ilo.org/public/english/bureau/stat/res/index.htm]",Percent of total labor force,Source: National Statistics Office. Data retrieved from CEIC Latest actual data: 2018 Notes: Reported total employment data has a definitional change from 1990 onwards Employment type: National definition Primary domestic currency: Chinese yuan Data last updated: 09/2020,4.05,4.02,3.9,3.8,3.62,3.878
23,Colombia,Unemployment rate,"Unemployment rate can be defined by either the national definition, the ILO harmonized definition, or the OECD harmonized definition. The OECD harmonized unemployment rate gives the number of unemployed persons as a percentage of the labor force (the total number of people employed plus unemployed). [OECD Main Economic Indicators, OECD, monthly] As defined by the International Labour Organization, unemployed workers are those who are currently not working but are willing and able to work for pay, currently available to work, and have actively searched for work. [ILO, http://www.ilo.org/public/english/bureau/stat/res/index.htm]",Percent of total labor force,Source: National Statistics Office Latest actual data: 2019 Primary domestic currency: Colombian peso Data last updated: 08/2020,8.908,9.217,9.367,9.683,10.517,9.5384
24,Costa Rica,Unemployment rate,"Unemployment rate can be defined by either the national definition, the ILO harmonized definition, or the OECD harmonized definition. The OECD harmonized unemployment rate gives the number of unemployed persons as a percentage of the labor force (the total number of people employed plus unemployed). [OECD Main Economic Indicators, OECD, monthly] As defined by the International Labour Organization, unemployed workers are those who are currently not working but are willing and able to work for pay, currently available to work, and have actively searched for work. [ILO, http://www.ilo.org/public/english/bureau/stat/res/index.htm]",Percent of total labor force,Source: National Statistics Office Latest actual data: 2019. Data as of July for each year Employment type: National definition Primary domestic currency: Costa Rican colon Data last updated: 09/2020,9.604,9.541,9.293,11.951,12.417,10.5612
25,Croatia,Unemployment rate,"Unemployment rate can be defined by either the national definition, the ILO harmonized definition, or the OECD harmonized definition. The OECD harmonized unemployment rate gives the number of unemployed persons as a percentage of the labor force (the total number of people employed plus unemployed). [OECD Main Economic Indicators, OECD, monthly] As defined by the International Labour Organization, unemployed workers are those who are currently not working but are willing and able to work for pay, currently available to work, and have actively searched for work. [ILO, http://www.ilo.org/public/english/bureau/stat/res/index.htm]",Percent of total labor force,"Source: National Statistics Office. By the former Central Bureau of Statistics of the Republic of Croatia (CroStat), now the Croatian Bureau of Statistics (CBS, www.dzs.hr). Latest actual data: 2019. For quarterly data, latest actual is 2020Q1 Employment type: Harmonized ILO definition Primary domestic currency: Croatian kuna Data last updated: 09/2020",17.067,14.958,12.433,9.858,7.758,12.414800000000001
26,Cyprus,Unemployment rate,"Unemployment rate can be defined by either the national definition, the ILO harmonized definition, or the OECD harmonized definition. The OECD harmonized unemployment rate gives the number of unemployed persons as a percentage of the labor force (the total number of people employed plus unemployed). [OECD Main Economic Indicators, OECD, monthly] As defined by the International Labour Organization, unemployed workers are those who are currently not working but are willing and able to work for pay, currently available to work, and have actively searched for work. [ILO, http://www.ilo.org/public/english/bureau/stat/res/index.htm]",Percent of total labor force,"Source: Eurostat, Labor force survey. Latest actual data: 2019 Employment type: Harmonized ILO definition Primary domestic currency: Euro Data last updated: 09/2020",14.9,12.95,11.05,8.35,7.075,10.865000000000002
27,Czech Republic,Unemployment rate,"Unemployment rate can be defined by either the national definition, the ILO harmonized definition, or the OECD harmonized definition. The OECD harmonized unemployment rate gives the number of unemployed persons as a percentage of the labor force (the total number of people employed plus unemployed). [OECD Main Economic Indicators, OECD, monthly] As defined by the International Labour Organization, unemployed workers are those who are currently not working but are willing and able to work for pay, currently available to work, and have actively searched for work. [ILO, http://www.ilo.org/public/english/bureau/stat/res/index.htm]",Percent of total labor force,Source: Haver Analytics Latest actual data: 2019 Employment type: Harmonized ILO definition Primary domestic currency: Czech koruna Data last updated: 09/2020,5.04,3.946,2.89,2.243,2.001,3.224
28,Denmark,Unemployment rate,"Unemployment rate can be defined by either the national definition, the ILO harmonized definition, or the OECD harmonized definition. The OECD harmonized unemployment rate gives the number of unemployed persons as a percentage of the labor force (the total number of people employed plus unemployed). [OECD Main Economic Indicators, OECD, monthly] As defined by the International Labour Organization, unemployed workers are those who are currently not working but are willing and able to work for pay, currently available to work, and have actively searched for work. [ILO, http://www.ilo.org/public/english/bureau/stat/res/index.htm]",Percent of total labor force,Source: Eurostat Latest actual data: 2019 Employment type: National definition Primary domestic currency: Danish krone Data last updated: 09/2020,6.283,6.0,5.808,5.117,5.042,5.65
29,Dominican Republic,Unemployment rate,"Unemployment rate can be defined by either the national definition, the ILO harmonized definition, or the OECD harmonized definition. The OECD harmonized unemployment rate gives the number of unemployed persons as a percentage of the labor force (the total number of people employed plus unemployed). [OECD Main Economic Indicators, OECD, monthly] As defined by the International Labour Organization, unemployed workers are those who are currently not working but are willing and able to work for pay, currently available to work, and have actively searched for work. [ILO, http://www.ilo.org/public/english/bureau/stat/res/index.htm]",Percent of total labor force,Source: Central Bank Latest actual data: 2019 Employment type: National definition Primary domestic currency: Dominican peso Data last updated: 09/2020,7.328,7.08,5.509,5.656,6.167,6.348000000000001
30,Ecuador,Unemployment rate,"Unemployment rate can be defined by either the national definition, the ILO harmonized definition, or the OECD harmonized definition. The OECD harmonized unemployment rate gives the number of unemployed persons as a percentage of the labor force (the total number of people employed plus unemployed). [OECD Main Economic Indicators, OECD, monthly] As defined by the International Labour Organization, unemployed workers are those who are currently not working but are willing and able to work for pay, currently available to work, and have actively searched for work. [ILO, http://www.ilo.org/public/english/bureau/stat/res/index.htm]",Percent of total labor force,Source: National Statistics Office. Source: INEC and Central Bank Latest actual data: 2019 Employment type: National definition Primary domestic currency: U.S. dollar Data last updated: 09/2020,4.77,5.21,4.62,3.69,3.84,4.426
31,Egypt,Unemployment rate,"Unemployment rate can be defined by either the national definition, the ILO harmonized definition, or the OECD harmonized definition. The OECD harmonized unemployment rate gives the number of unemployed persons as a percentage of the labor force (the total number of people employed plus unemployed). [OECD Main Economic Indicators, OECD, monthly] As defined by the International Labour Organization, unemployed workers are those who are currently not working but are willing and able to work for pay, currently available to work, and have actively searched for work. [ILO, http://www.ilo.org/public/english/bureau/stat/res/index.htm]",Percent of total labor force,Source: National Statistics Office Latest actual data: 2018/19 Primary domestic currency: Egyptian pound Data last updated: 09/2020,12.859,12.705,12.245,10.932,8.612,11.470600000000001
32,El Salvador,Unemployment rate,"Unemployment rate can be defined by either the national definition, the ILO harmonized definition, or the OECD harmonized definition. The OECD harmonized unemployment rate gives the number of unemployed persons as a percentage of the labor force (the total number of people employed plus unemployed). [OECD Main Economic Indicators, OECD, monthly] As defined by the International Labour Organization, unemployed workers are those who are currently not working but are willing and able to work for pay, currently available to work, and have actively searched for work. [ILO, http://www.ilo.org/public/english/bureau/stat/res/index.htm]",Percent of total labor force,Source: National Statistics Office Latest actual data: 2019 Employment type: Not applicable Primary domestic currency: U.S. dollar Data last updated: 09/2020,7.0,7.1,7.049,6.347,6.733,6.8458
33,Estonia,Unemployment rate,"Unemployment rate can be defined by either the national definition, the ILO harmonized definition, or the OECD harmonized definition. The OECD harmonized unemployment rate gives the number of unemployed persons as a percentage of the labor force (the total number of people employed plus unemployed). [OECD Main Economic Indicators, OECD, monthly] As defined by the International Labour Organization, unemployed workers are those who are currently not working but are willing and able to work for pay, currently available to work, and have actively searched for work. [ILO, http://www.ilo.org/public/english/bureau/stat/res/index.htm]",Percent of total labor force,Source: National Statistics Office Latest actual data: 2019 Employment type: Harmonized ILO definition Primary domestic currency: Euro Data last updated: 09/2020,6.185,6.758,5.763,5.371,4.448,5.705
34,Fiji,Unemployment rate,"Unemployment rate can be defined by either the national definition, the ILO harmonized definition, or the OECD harmonized definition. The OECD harmonized unemployment rate gives the number of unemployed persons as a percentage of the labor force (the total number of people employed plus unemployed). [OECD Main Economic Indicators, OECD, monthly] As defined by the International Labour Organization, unemployed workers are those who are currently not working but are willing and able to work for pay, currently available to work, and have actively searched for work. [ILO, http://www.ilo.org/public/english/bureau/stat/res/index.htm]",Percent of total labor force,Source: National Statistics Office. 2012-2013 unemployment rate are missing since the authority didn't provide it. The numbers here are based on linear interpolation using 2011 and 2014 data. Latest actual data: 2017 Employment type: Not applicable Primary domestic currency: Fiji dollar Data last updated: 08/2020,5.5,5.5,4.5,4.5,4.5,4.9
35,Finland,Unemployment rate,"Unemployment rate can be defined by either the national definition, the ILO harmonized definition, or the OECD harmonized definition. The OECD harmonized unemployment rate gives the number of unemployed persons as a percentage of the labor force (the total number of people employed plus unemployed). [OECD Main Economic Indicators, OECD, monthly] As defined by the International Labour Organization, unemployed workers are those who are currently not working but are willing and able to work for pay, currently available to work, and have actively searched for work. [ILO, http://www.ilo.org/public/english/bureau/stat/res/index.htm]",Percent of total labor force,Source: National Statistics Office. Downloaded through Haver Analytics Latest actual data: 2019 Employment type: Harmonized ILO definition Primary domestic currency: Euro Data last updated: 09/2020,9.575,8.975,8.825,7.425,6.833,8.3266
36,France,Unemployment rate,"Unemployment rate can be defined by either the national definition, the ILO harmonized definition, or the OECD harmonized definition. The OECD harmonized unemployment rate gives the number of unemployed persons as a percentage of the labor force (the total number of people employed plus unemployed). [OECD Main Economic Indicators, OECD, monthly] As defined by the International Labour Organization, unemployed workers are those who are currently not working but are willing and able to work for pay, currently available to work, and have actively searched for work. [ILO, http://www.ilo.org/public/english/bureau/stat/res/index.htm]",Percent of total labor force,Source: National Statistics Office Latest actual data: 2019 Employment type: Harmonized ILO definition. Data prior to 1983 are not harmonized. Primary domestic currency: Euro Data last updated: 09/2020,10.367,10.042,9.425,9.025,8.467,9.4652
37,Georgia,Unemployment rate,"Unemployment rate can be defined by either the national definition, the ILO harmonized definition, or the OECD harmonized definition. The OECD harmonized unemployment rate gives the number of unemployed persons as a percentage of the labor force (the total number of people employed plus unemployed). [OECD Main Economic Indicators, OECD, monthly] As defined by the International Labour Organization, unemployed workers are those who are currently not working but are willing and able to work for pay, currently available to work, and have actively searched for work. [ILO, http://www.ilo.org/public/english/bureau/stat/res/index.htm]",Percent of total labor force,Source: National Statistics Office Latest actual data: 2015 Employment type: Harmonized ILO definition Primary domestic currency: Georgian lari Data last updated: 09/2020,14.1,14.0,13.9,12.7,11.6,13.26
38,Germany,Unemployment rate,"Unemployment rate can be defined by either the national definition, the ILO harmonized definition, or the OECD harmonized definition. The OECD harmonized unemployment rate gives the number of unemployed persons as a percentage of the labor force (the total number of people employed plus unemployed). [OECD Main Economic Indicators, OECD, monthly] As defined by the International Labour Organization, unemployed workers are those who are currently not working but are willing and able to work for pay, currently available to work, and have actively searched for work. [ILO, http://www.ilo.org/public/english/bureau/stat/res/index.htm]",Percent of total labor force,Source: National Statistics Office Latest actual data: 2019 Notes: Data until 1990 refers to German federation only (West Germany). Data from 1991 refer to United Germany. Employment type: Harmonized ILO definition Primary domestic currency: Euro Data last updated: 09/2020,4.633,4.158,3.758,3.417,3.133,3.8198
39,Greece,Unemployment rate,"Unemployment rate can be defined by either the national definition, the ILO harmonized definition, or the OECD harmonized definition. The OECD harmonized unemployment rate gives the number of unemployed persons as a percentage of the labor force (the total number of people employed plus unemployed). [OECD Main Economic Indicators, OECD, monthly] As defined by the International Labour Organization, unemployed workers are those who are currently not working but are willing and able to work for pay, currently available to work, and have actively searched for work. [ILO, http://www.ilo.org/public/english/bureau/stat/res/index.htm]",Percent of total labor force,"Source: National Statistics Office. Formally, the National Statistical Office (ELSTAT) Latest actual data: 2019. For quarterly data, latest actual is 2020Q1. Notes: The historical data source for unit labor costs in manufacturing is Eurostat. Employment type: National definition Primary domestic currency: Euro Data last updated: 09/2020",24.9,23.55,21.45,19.3,17.325,21.305
40,Honduras,Unemployment rate,"Unemployment rate can be defined by either the national definition, the ILO harmonized definition, or the OECD harmonized definition. The OECD harmonized unemployment rate gives the number of unemployed persons as a percentage of the labor force (the total number of people employed plus unemployed). [OECD Main Economic Indicators, OECD, monthly] As defined by the International Labour Organization, unemployed workers are those who are currently not working but are willing and able to work for pay, currently available to work, and have actively searched for work. [ILO, http://www.ilo.org/public/english/bureau/stat/res/index.htm]",Percent of total labor force,Source: National Institute of Statistics of Honduras Latest actual data: 2019. Last population census Employment type: National definition Primary domestic currency: Honduran lempira Data last updated: 09/2020,4.592,4.668,4.048,4.076,4.109,4.2986
41,Hong Kong SAR,Unemployment rate,"Unemployment rate can be defined by either the national definition, the ILO harmonized definition, or the OECD harmonized definition. The OECD harmonized unemployment rate gives the number of unemployed persons as a percentage of the labor force (the total number of people employed plus unemployed). [OECD Main Economic Indicators, OECD, monthly] As defined by the International Labour Organization, unemployed workers are those who are currently not working but are willing and able to work for pay, currently available to work, and have actively searched for work. [ILO, http://www.ilo.org/public/english/bureau/stat/res/index.htm]",Percent of total labor force,Source: CEIC Latest actual data: 2019 Employment type: National definition Primary domestic currency: Hong Kong dollar Data last updated: 09/2020,3.307,3.387,3.119,2.816,2.955,3.1168000000000005
42,Hungary,Unemployment rate,"Unemployment rate can be defined by either the national definition, the ILO harmonized definition, or the OECD harmonized definition. The OECD harmonized unemployment rate gives the number of unemployed persons as a percentage of the labor force (the total number of people employed plus unemployed). [OECD Main Economic Indicators, OECD, monthly] As defined by the International Labour Organization, unemployed workers are those who are currently not working but are willing and able to work for pay, currently available to work, and have actively searched for work. [ILO, http://www.ilo.org/public/english/bureau/stat/res/index.htm]",Percent of total labor force,Source: National Statistics Office Latest actual data: 2019. Economically active population aged 15-64. Employment type: Harmonized ILO definition Primary domestic currency: Hungarian forint Data last updated: 09/2020,6.814,5.115,4.156,3.708,3.418,4.6422
43,Iceland,Unemployment rate,"Unemployment rate can be defined by either the national definition, the ILO harmonized definition, or the OECD harmonized definition. The OECD harmonized unemployment rate gives the number of unemployed persons as a percentage of the labor force (the total number of people employed plus unemployed). [OECD Main Economic Indicators, OECD, monthly] As defined by the International Labour Organization, unemployed workers are those who are currently not working but are willing and able to work for pay, currently available to work, and have actively searched for work. [ILO, http://www.ilo.org/public/english/bureau/stat/res/index.htm]",Percent of total labor force,"Source: Labor Directorate Latest actual data: 2018 Notes: LHEM series is from the OECD, hourly earnings in the manufacturing sector Employment type: Other Primary domestic currency: Icelandic kr√≥na Data last updated: 09/2020",3.992,3.008,2.825,2.742,3.55,3.2234000000000003
44,Indonesia,Unemployment rate,"Unemployment rate can be defined by either the national definition, the ILO harmonized definition, or the OECD harmonized definition. The OECD harmonized unemployment rate gives the number of unemployed persons as a percentage of the labor force (the total number of people employed plus unemployed). [OECD Main Economic Indicators, OECD, monthly] As defined by the International Labour Organization, unemployed workers are those who are currently not working but are willing and able to work for pay, currently available to work, and have actively searched for work. [ILO, http://www.ilo.org/public/english/bureau/stat/res/index.htm]",Percent of total labor force,Source: National Statistics Office. Accessed via dXtime (CEIC and EMED Emerging Asia) Latest actual data: 2019/20 Employment type: National definition Primary domestic currency: Indonesian rupiah Data last updated: 09/2020,6.18,5.61,5.5,5.34,5.28,5.582
45,Islamic Republic of Iran,Unemployment rate,"Unemployment rate can be defined by either the national definition, the ILO harmonized definition, or the OECD harmonized definition. The OECD harmonized unemployment rate gives the number of unemployed persons as a percentage of the labor force (the total number of people employed plus unemployed). [OECD Main Economic Indicators, OECD, monthly] As defined by the International Labour Organization, unemployed workers are those who are currently not working but are willing and able to work for pay, currently available to work, and have actively searched for work. [ILO, http://www.ilo.org/public/english/bureau/stat/res/index.htm]",Percent of total labor force,Source: National Statistics Office Latest actual data: 2019/20 Employment type: National definition Primary domestic currency: Iranian rial Data last updated: 09/2020,11.0,12.425,12.075,12.025,10.65,11.635
46,Ireland,Unemployment rate,"Unemployment rate can be defined by either the national definition, the ILO harmonized definition, or the OECD harmonized definition. The OECD harmonized unemployment rate gives the number of unemployed persons as a percentage of the labor force (the total number of people employed plus unemployed). [OECD Main Economic Indicators, OECD, monthly] As defined by the International Labour Organization, unemployed workers are those who are currently not working but are willing and able to work for pay, currently available to work, and have actively searched for work. [ILO, http://www.ilo.org/public/english/bureau/stat/res/index.htm]",Percent of total labor force,"Source: National Statistics Office. Central Statistical Office of Ireland (CSO), data is from the Labor Force Survey (LFS) and is the average of the quarterly observations. Latest actual data: 2019 Employment type: Harmonized ILO definition Primary domestic currency: Euro Data last updated: 09/2020",9.933,8.4,6.725,5.775,4.958,7.158199999999999
47,Israel,Unemployment rate,"Unemployment rate can be defined by either the national definition, the ILO harmonized definition, or the OECD harmonized definition. The OECD harmonized unemployment rate gives the number of unemployed persons as a percentage of the labor force (the total number of people employed plus unemployed). [OECD Main Economic Indicators, OECD, monthly] As defined by the International Labour Organization, unemployed workers are those who are currently not working but are willing and able to work for pay, currently available to work, and have actively searched for work. [ILO, http://www.ilo.org/public/english/bureau/stat/res/index.htm]",Percent of total labor force,Source: National Statistics Office Latest actual data: 2019 Employment type: National definition. Seasonally adjusted. Primary domestic currency: Israeli shekel Data last updated: 09/2020,5.25,4.825,4.225,4.0,3.8,4.42
48,Italy,Unemployment rate,"Unemployment rate can be defined by either the national definition, the ILO harmonized definition, or the OECD harmonized definition. The OECD harmonized unemployment rate gives the number of unemployed persons as a percentage of the labor force (the total number of people employed plus unemployed). [OECD Main Economic Indicators, OECD, monthly] As defined by the International Labour Organization, unemployed workers are those who are currently not working but are willing and able to work for pay, currently available to work, and have actively searched for work. [ILO, http://www.ilo.org/public/english/bureau/stat/res/index.htm]",Percent of total labor force,Source: National Statistics Office Latest actual data: 2019 Employment type: Harmonized ILO definition Primary domestic currency: Euro Data last updated: 09/2020,11.908,11.65,11.275,10.625,9.9,11.0716
49,Jamaica,Unemployment rate,"Unemployment rate can be defined by either the national definition, the ILO harmonized definition, or the OECD harmonized definition. The OECD harmonized unemployment rate gives the number of unemployed persons as a percentage of the labor force (the total number of people employed plus unemployed). [OECD Main Economic Indicators, OECD, monthly] As defined by the International Labour Organization, unemployed workers are those who are currently not working but are willing and able to work for pay, currently available to work, and have actively searched for work. [ILO, http://www.ilo.org/public/english/bureau/stat/res/index.htm]",Percent of total labor force,Source: International Financial Institution. National Statistics Office if data is not yet available in IFS. Latest actual data: 2018 Employment type: National definition Primary domestic currency: Jamaica dollar Data last updated: 09/2020,13.5,13.2,11.65,9.125,7.7,11.035
50,Japan,Unemployment rate,"Unemployment rate can be defined by either the national definition, the ILO harmonized definition, or the OECD harmonized definition. The OECD harmonized unemployment rate gives the number of unemployed persons as a percentage of the labor force (the total number of people employed plus unemployed). [OECD Main Economic Indicators, OECD, monthly] As defined by the International Labour Organization, unemployed workers are those who are currently not working but are willing and able to work for pay, currently available to work, and have actively searched for work. [ILO, http://www.ilo.org/public/english/bureau/stat/res/index.htm]",Percent of total labor force,Source: Cabinet Office of Japan via Haver database. Latest actual data: 2019 Employment type: National definition Primary domestic currency: Japanese yen Data last updated: 09/2020,3.375,3.108,2.825,2.442,2.358,2.8216
51,Jordan,Unemployment rate,"Unemployment rate can be defined by either the national definition, the ILO harmonized definition, or the OECD harmonized definition. The OECD harmonized unemployment rate gives the number of unemployed persons as a percentage of the labor force (the total number of people employed plus unemployed). [OECD Main Economic Indicators, OECD, monthly] As defined by the International Labour Organization, unemployed workers are those who are currently not working but are willing and able to work for pay, currently available to work, and have actively searched for work. [ILO, http://www.ilo.org/public/english/bureau/stat/res/index.htm]",Percent of total labor force,Source: National Statistics Office Latest actual data: 2019 Employment type: National definition Primary domestic currency: Jordanian dinar Data last updated: 09/2020,13.075,15.275,18.3,18.6,19.075,16.865000000000002
52,Kazakhstan,Unemployment rate,"Unemployment rate can be defined by either the national definition, the ILO harmonized definition, or the OECD harmonized definition. The OECD harmonized unemployment rate gives the number of unemployed persons as a percentage of the labor force (the total number of people employed plus unemployed). [OECD Main Economic Indicators, OECD, monthly] As defined by the International Labour Organization, unemployed workers are those who are currently not working but are willing and able to work for pay, currently available to work, and have actively searched for work. [ILO, http://www.ilo.org/public/english/bureau/stat/res/index.htm]",Percent of total labor force,Source: Haver Analytics Latest actual data: 2017 Employment type: National definition Primary domestic currency: Kazakhstani tenge Data last updated: 09/2020,5.11,4.951,4.9,4.854,4.779,4.9188
53,Korea,Unemployment rate,"Unemployment rate can be defined by either the national definition, the ILO harmonized definition, or the OECD harmonized definition. The OECD harmonized unemployment rate gives the number of unemployed persons as a percentage of the labor force (the total number of people employed plus unemployed). [OECD Main Economic Indicators, OECD, monthly] As defined by the International Labour Organization, unemployed workers are those who are currently not working but are willing and able to work for pay, currently available to work, and have actively searched for work. [ILO, http://www.ilo.org/public/english/bureau/stat/res/index.htm]",Percent of total labor force,Source: National Statistics Office Latest actual data: 2019 Employment type: National definition Primary domestic currency: Korean won Data last updated: 09/2020,3.592,3.675,3.683,3.833,3.783,3.7131999999999996
54,Kosovo,Unemployment rate,"Unemployment rate can be defined by either the national definition, the ILO harmonized definition, or the OECD harmonized definition. The OECD harmonized unemployment rate gives the number of unemployed persons as a percentage of the labor force (the total number of people employed plus unemployed). [OECD Main Economic Indicators, OECD, monthly] As defined by the International Labour Organization, unemployed workers are those who are currently not working but are willing and able to work for pay, currently available to work, and have actively searched for work. [ILO, http://www.ilo.org/public/english/bureau/stat/res/index.htm]",Percent of total labor force,Source: No labor data submitted for Kosovo Latest actual data: 2019 Primary domestic currency: Euro Data last updated: 09/2020,32.9,27.5,30.5,29.6,25.7,29.24
55,Kyrgyz Republic,Unemployment rate,"Unemployment rate can be defined by either the national definition, the ILO harmonized definition, or the OECD harmonized definition. The OECD harmonized unemployment rate gives the number of unemployed persons as a percentage of the labor force (the total number of people employed plus unemployed). [OECD Main Economic Indicators, OECD, monthly] As defined by the International Labour Organization, unemployed workers are those who are currently not working but are willing and able to work for pay, currently available to work, and have actively searched for work. [ILO, http://www.ilo.org/public/english/bureau/stat/res/index.htm]",Percent of total labor force,Source: National Statistics Office Latest actual data: 2019 Employment type: National definition Primary domestic currency: Kyrgyz som Data last updated: 09/2020,7.554,7.211,6.891,6.605,6.605,6.9732
56,Latvia,Unemployment rate,"Unemployment rate can be defined by either the national definition, the ILO harmonized definition, or the OECD harmonized definition. The OECD harmonized unemployment rate gives the number of unemployed persons as a percentage of the labor force (the total number of people employed plus unemployed). [OECD Main Economic Indicators, OECD, monthly] As defined by the International Labour Organization, unemployed workers are those who are currently not working but are willing and able to work for pay, currently available to work, and have actively searched for work. [ILO, http://www.ilo.org/public/english/bureau/stat/res/index.htm]",Percent of total labor force,"Source: National Statistics Office Latest actual data: 2019 Notes: Labor statistics are based on Labor Force Survey data, which were revised in 2011 in compliance with Population and Housing Census 2011 results; data before 2011 have not been revised yet. Employment type: Harmonized ILO definition Primary domestic currency: Euro Data last updated: 09/2020",9.875,9.642,8.715,7.415,6.311,8.3916
57,Lithuania,Unemployment rate,"Unemployment rate can be defined by either the national definition, the ILO harmonized definition, or the OECD harmonized definition. The OECD harmonized unemployment rate gives the number of unemployed persons as a percentage of the labor force (the total number of people employed plus unemployed). [OECD Main Economic Indicators, OECD, monthly] As defined by the International Labour Organization, unemployed workers are those who are currently not working but are willing and able to work for pay, currently available to work, and have actively searched for work. [ILO, http://www.ilo.org/public/english/bureau/stat/res/index.htm]",Percent of total labor force,Source: National Statistics Office Latest actual data: 2019 Employment type: Eurostat harmonized data Primary domestic currency: European euro Data last updated: 09/2020,9.119,7.861,7.073,6.146,6.254,7.2906
58,Luxembourg,Unemployment rate,"Unemployment rate can be defined by either the national definition, the ILO harmonized definition, or the OECD harmonized definition. The OECD harmonized unemployment rate gives the number of unemployed persons as a percentage of the labor force (the total number of people employed plus unemployed). [OECD Main Economic Indicators, OECD, monthly] As defined by the International Labour Organization, unemployed workers are those who are currently not working but are willing and able to work for pay, currently available to work, and have actively searched for work. [ILO, http://www.ilo.org/public/english/bureau/stat/res/index.htm]",Percent of total labor force,Source: National Statistics Office Latest actual data: 2019 Employment type: Harmonized ILO definition Primary domestic currency: Euro Data last updated: 09/2020,6.636,6.256,5.845,5.105,5.401,5.848599999999999
59,Macao SAR,Unemployment rate,"Unemployment rate can be defined by either the national definition, the ILO harmonized definition, or the OECD harmonized definition. The OECD harmonized unemployment rate gives the number of unemployed persons as a percentage of the labor force (the total number of people employed plus unemployed). [OECD Main Economic Indicators, OECD, monthly] As defined by the International Labour Organization, unemployed workers are those who are currently not working but are willing and able to work for pay, currently available to work, and have actively searched for work. [ILO, http://www.ilo.org/public/english/bureau/stat/res/index.htm]",Percent of total labor force,Source: National Statistics Office Latest actual data: 2019 Employment type: National definition Primary domestic currency: Macanese pataca,1.825,1.9,1.975,1.8,1.725,1.845
60,Malaysia,Unemployment rate,"Unemployment rate can be defined by either the national definition, the ILO harmonized definition, or the OECD harmonized definition. The OECD harmonized unemployment rate gives the number of unemployed persons as a percentage of the labor force (the total number of people employed plus unemployed). [OECD Main Economic Indicators, OECD, monthly] As defined by the International Labour Organization, unemployed workers are those who are currently not working but are willing and able to work for pay, currently available to work, and have actively searched for work. [ILO, http://www.ilo.org/public/english/bureau/stat/res/index.htm]",Percent of total labor force,Source: CEIC/IMF staff/NSO Latest actual data: 2019 Employment type: National definition Primary domestic currency: Malaysian ringgit Data last updated: 08/2020,3.15,3.45,3.425,3.325,3.275,3.3249999999999993
61,Malta,Unemployment rate,"Unemployment rate can be defined by either the national definition, the ILO harmonized definition, or the OECD harmonized definition. The OECD harmonized unemployment rate gives the number of unemployed persons as a percentage of the labor force (the total number of people employed plus unemployed). [OECD Main Economic Indicators, OECD, monthly] As defined by the International Labour Organization, unemployed workers are those who are currently not working but are willing and able to work for pay, currently available to work, and have actively searched for work. [ILO, http://www.ilo.org/public/english/bureau/stat/res/index.htm]",Percent of total labor force,"Source: Eurostat, Labor Force Survey Latest actual data: 2019 Employment type: Harmonized ILO definition Primary domestic currency: Euro Data last updated: 09/2020",5.392,4.7,4.0,3.658,3.633,4.2766
62,Mauritius,Unemployment rate,"Unemployment rate can be defined by either the national definition, the ILO harmonized definition, or the OECD harmonized definition. The OECD harmonized unemployment rate gives the number of unemployed persons as a percentage of the labor force (the total number of people employed plus unemployed). [OECD Main Economic Indicators, OECD, monthly] As defined by the International Labour Organization, unemployed workers are those who are currently not working but are willing and able to work for pay, currently available to work, and have actively searched for work. [ILO, http://www.ilo.org/public/english/bureau/stat/res/index.htm]",Percent of total labor force,Source: National Statistics Office Latest actual data: 2016. Preliminary data Employment type: Harmonized ILO definition Primary domestic currency: Mauritian rupee Data last updated: 09/2020,7.9,7.3,7.1,6.9,6.7,7.18
63,Mexico,Unemployment rate,"Unemployment rate can be defined by either the national definition, the ILO harmonized definition, or the OECD harmonized definition. The OECD harmonized unemployment rate gives the number of unemployed persons as a percentage of the labor force (the total number of people employed plus unemployed). [OECD Main Economic Indicators, OECD, monthly] As defined by the International Labour Organization, unemployed workers are those who are currently not working but are willing and able to work for pay, currently available to work, and have actively searched for work. [ILO, http://www.ilo.org/public/english/bureau/stat/res/index.htm]",Percent of total labor force,Source: National Statistics Office Latest actual data: 2019 Employment type: National definition Primary domestic currency: Mexican peso Data last updated: 09/2020,4.349,3.883,3.423,3.331,3.493,3.6957999999999998
64,Moldova,Unemployment rate,"Unemployment rate can be defined by either the national definition, the ILO harmonized definition, or the OECD harmonized definition. The OECD harmonized unemployment rate gives the number of unemployed persons as a percentage of the labor force (the total number of people employed plus unemployed). [OECD Main Economic Indicators, OECD, monthly] As defined by the International Labour Organization, unemployed workers are those who are currently not working but are willing and able to work for pay, currently available to work, and have actively searched for work. [ILO, http://www.ilo.org/public/english/bureau/stat/res/index.htm]",Percent of total labor force,Source: National Statistics Office Latest actual data: 2019 Employment type: National definition Primary domestic currency: Moldovan leu Data last updated: 08/2020,5.016,4.226,3.939,2.961,5.12,4.2524
65,Mongolia,Unemployment rate,"Unemployment rate can be defined by either the national definition, the ILO harmonized definition, or the OECD harmonized definition. The OECD harmonized unemployment rate gives the number of unemployed persons as a percentage of the labor force (the total number of people employed plus unemployed). [OECD Main Economic Indicators, OECD, monthly] As defined by the International Labour Organization, unemployed workers are those who are currently not working but are willing and able to work for pay, currently available to work, and have actively searched for work. [ILO, http://www.ilo.org/public/english/bureau/stat/res/index.htm]",Percent of total labor force,Source: National Statistics Office Latest actual data: 2019 Notes: Unemployment rate is now new data series changed from the one referred to as registered unemployment rate. Employment type: National definition Primary domestic currency: Mongolian togrog Data last updated: 09/2020,7.5,10.0,8.8,7.8,10.0,8.82
66,Morocco,Unemployment rate,"Unemployment rate can be defined by either the national definition, the ILO harmonized definition, or the OECD harmonized definition. The OECD harmonized unemployment rate gives the number of unemployed persons as a percentage of the labor force (the total number of people employed plus unemployed). [OECD Main Economic Indicators, OECD, monthly] As defined by the International Labour Organization, unemployed workers are those who are currently not working but are willing and able to work for pay, currently available to work, and have actively searched for work. [ILO, http://www.ilo.org/public/english/bureau/stat/res/index.htm]",Percent of total labor force,Source: National Statistics Office Latest actual data: 2017/18 Employment type: Harmonized ILO definition Primary domestic currency: Moroccan dirham Data last updated: 09/2020,9.707,9.4,10.2,9.8,9.2,9.6614
67,Netherlands,Unemployment rate,"Unemployment rate can be defined by either the national definition, the ILO harmonized definition, or the OECD harmonized definition. The OECD harmonized unemployment rate gives the number of unemployed persons as a percentage of the labor force (the total number of people employed plus unemployed). [OECD Main Economic Indicators, OECD, monthly] As defined by the International Labour Organization, unemployed workers are those who are currently not working but are willing and able to work for pay, currently available to work, and have actively searched for work. [ILO, http://www.ilo.org/public/english/bureau/stat/res/index.htm]",Percent of total labor force,Source: National Statistics Office Latest actual data: 2019 Employment type: Harmonized OECD definition Primary domestic currency: Euro Data last updated: 09/2020,6.891,6.024,4.854,3.839,3.39,4.999599999999999
68,New Zealand,Unemployment rate,"Unemployment rate can be defined by either the national definition, the ILO harmonized definition, or the OECD harmonized definition. The OECD harmonized unemployment rate gives the number of unemployed persons as a percentage of the labor force (the total number of people employed plus unemployed). [OECD Main Economic Indicators, OECD, monthly] As defined by the International Labour Organization, unemployed workers are those who are currently not working but are willing and able to work for pay, currently available to work, and have actively searched for work. [ILO, http://www.ilo.org/public/english/bureau/stat/res/index.htm]",Percent of total labor force,Source: National Statistics Office. Statistics New Zealand Latest actual data: 2019 Employment type: National definition. Data refer to calendar years Primary domestic currency: New Zealand dollar Data last updated: 09/2020,5.35,5.1,4.725,4.275,4.075,4.705
69,Nicaragua,Unemployment rate,"Unemployment rate can be defined by either the national definition, the ILO harmonized definition, or the OECD harmonized definition. The OECD harmonized unemployment rate gives the number of unemployed persons as a percentage of the labor force (the total number of people employed plus unemployed). [OECD Main Economic Indicators, OECD, monthly] As defined by the International Labour Organization, unemployed workers are those who are currently not working but are willing and able to work for pay, currently available to work, and have actively searched for work. [ILO, http://www.ilo.org/public/english/bureau/stat/res/index.htm]",Percent of total labor force,Source: Central Bank Latest actual data: 2018 Employment type: National definition Primary domestic currency: Nicaraguan c√≥rdoba Data last updated: 09/2020,5.909,4.481,3.67,5.5,6.127,5.1374
70,North Macedonia,Unemployment rate,"Unemployment rate can be defined by either the national definition, the ILO harmonized definition, or the OECD harmonized definition. The OECD harmonized unemployment rate gives the number of unemployed persons as a percentage of the labor force (the total number of people employed plus unemployed). [OECD Main Economic Indicators, OECD, monthly] As defined by the International Labour Organization, unemployed workers are those who are currently not working but are willing and able to work for pay, currently available to work, and have actively searched for work. [ILO, http://www.ilo.org/public/english/bureau/stat/res/index.htm]",Percent of total labor force,Source: National Statistics Office Latest actual data: 2019 Employment type: National definition Primary domestic currency: Macedonian denar Data last updated: 09/2020,26.05,23.75,22.375,20.725,17.25,22.03
71,Norway,Unemployment rate,"Unemployment rate can be defined by either the national definition, the ILO harmonized definition, or the OECD harmonized definition. The OECD harmonized unemployment rate gives the number of unemployed persons as a percentage of the labor force (the total number of people employed plus unemployed). [OECD Main Economic Indicators, OECD, monthly] As defined by the International Labour Organization, unemployed workers are those who are currently not working but are willing and able to work for pay, currently available to work, and have actively searched for work. [ILO, http://www.ilo.org/public/english/bureau/stat/res/index.htm]",Percent of total labor force,Source: National Statistics Office Latest actual data: 2018 Employment type: National definition Primary domestic currency: Norwegian krone Data last updated: 09/2020,4.531,4.74,4.216,3.854,3.728,4.213800000000001
72,Pakistan,Unemployment rate,"Unemployment rate can be defined by either the national definition, the ILO harmonized definition, or the OECD harmonized definition. The OECD harmonized unemployment rate gives the number of unemployed persons as a percentage of the labor force (the total number of people employed plus unemployed). [OECD Main Economic Indicators, OECD, monthly] As defined by the International Labour Organization, unemployed workers are those who are currently not working but are willing and able to work for pay, currently available to work, and have actively searched for work. [ILO, http://www.ilo.org/public/english/bureau/stat/res/index.htm]",Percent of total labor force,Source: IMF Staff Estimates Latest actual data: 2019/20. Preliminary data from the authorities. Employment type: Other Primary domestic currency: Pakistan rupee Data last updated: 09/2020,5.9,5.958,6.018,5.55,4.08,5.5012
73,Panama,Unemployment rate,"Unemployment rate can be defined by either the national definition, the ILO harmonized definition, or the OECD harmonized definition. The OECD harmonized unemployment rate gives the number of unemployed persons as a percentage of the labor force (the total number of people employed plus unemployed). [OECD Main Economic Indicators, OECD, monthly] As defined by the International Labour Organization, unemployed workers are those who are currently not working but are willing and able to work for pay, currently available to work, and have actively searched for work. [ILO, http://www.ilo.org/public/english/bureau/stat/res/index.htm]",Percent of total labor force,Source: National Statistics Office Latest actual data: 2019 Employment type: National definition Primary domestic currency: U.S. dollar Data last updated: 09/2020,5.052,5.494,6.13,5.956,7.07,5.9403999999999995
74,Paraguay,Unemployment rate,"Unemployment rate can be defined by either the national definition, the ILO harmonized definition, or the OECD harmonized definition. The OECD harmonized unemployment rate gives the number of unemployed persons as a percentage of the labor force (the total number of people employed plus unemployed). [OECD Main Economic Indicators, OECD, monthly] As defined by the International Labour Organization, unemployed workers are those who are currently not working but are willing and able to work for pay, currently available to work, and have actively searched for work. [ILO, http://www.ilo.org/public/english/bureau/stat/res/index.htm]",Percent of total labor force,Source: National Statistics Office Latest actual data: 2018 Employment type: National definition Primary domestic currency: Paraguayan guaran√≠ Data last updated: 09/2020,5.351,5.998,6.086,6.236,6.086,5.951400000000001
75,Peru,Unemployment rate,"Unemployment rate can be defined by either the national definition, the ILO harmonized definition, or the OECD harmonized definition. The OECD harmonized unemployment rate gives the number of unemployed persons as a percentage of the labor force (the total number of people employed plus unemployed). [OECD Main Economic Indicators, OECD, monthly] As defined by the International Labour Organization, unemployed workers are those who are currently not working but are willing and able to work for pay, currently available to work, and have actively searched for work. [ILO, http://www.ilo.org/public/english/bureau/stat/res/index.htm]",Percent of total labor force,Source: National Statistics Office Latest actual data: 2019 Employment type: National definition Primary domestic currency: Peruvian sol Data last updated: 09/2020,6.49,6.742,6.876,6.7,6.6,6.6816
76,Philippines,Unemployment rate,"Unemployment rate can be defined by either the national definition, the ILO harmonized definition, or the OECD harmonized definition. The OECD harmonized unemployment rate gives the number of unemployed persons as a percentage of the labor force (the total number of people employed plus unemployed). [OECD Main Economic Indicators, OECD, monthly] As defined by the International Labour Organization, unemployed workers are those who are currently not working but are willing and able to work for pay, currently available to work, and have actively searched for work. [ILO, http://www.ilo.org/public/english/bureau/stat/res/index.htm]",Percent of total labor force,Source: National Statistics Office. Accessed via Haver Latest actual data: 2019 Employment type: Harmonized ILO definition. Please note that data prior to 2005 are not based on harmonized ILO definition but based on national definition. Primary domestic currency: Philippine peso Data last updated: 09/2020,6.275,5.475,5.725,5.325,5.075,5.575
77,Poland,Unemployment rate,"Unemployment rate can be defined by either the national definition, the ILO harmonized definition, or the OECD harmonized definition. The OECD harmonized unemployment rate gives the number of unemployed persons as a percentage of the labor force (the total number of people employed plus unemployed). [OECD Main Economic Indicators, OECD, monthly] As defined by the International Labour Organization, unemployed workers are those who are currently not working but are willing and able to work for pay, currently available to work, and have actively searched for work. [ILO, http://www.ilo.org/public/english/bureau/stat/res/index.htm]",Percent of total labor force,Source: National Statistics Office Latest actual data: 2019 Employment type: National definition Primary domestic currency: Polish zloty Data last updated: 09/2020,7.499,6.161,4.888,3.846,3.279,5.134600000000001
78,Portugal,Unemployment rate,"Unemployment rate can be defined by either the national definition, the ILO harmonized definition, or the OECD harmonized definition. The OECD harmonized unemployment rate gives the number of unemployed persons as a percentage of the labor force (the total number of people employed plus unemployed). [OECD Main Economic Indicators, OECD, monthly] As defined by the International Labour Organization, unemployed workers are those who are currently not working but are willing and able to work for pay, currently available to work, and have actively searched for work. [ILO, http://www.ilo.org/public/english/bureau/stat/res/index.htm]",Percent of total labor force,Source: National Statistics Office Latest actual data: 2019 Employment type: Harmonized ILO definition Primary domestic currency: Euro Data last updated: 09/2020,12.444,11.066,8.867,6.994,6.463,9.1668
79,Puerto Rico,Unemployment rate,"Unemployment rate can be defined by either the national definition, the ILO harmonized definition, or the OECD harmonized definition. The OECD harmonized unemployment rate gives the number of unemployed persons as a percentage of the labor force (the total number of people employed plus unemployed). [OECD Main Economic Indicators, OECD, monthly] As defined by the International Labour Organization, unemployed workers are those who are currently not working but are willing and able to work for pay, currently available to work, and have actively searched for work. [ILO, http://www.ilo.org/public/english/bureau/stat/res/index.htm]",Percent of total labor force,Source: National Statistics Office Latest actual data: 2018/19 Employment type: National definition. Consistent with U.S. definition Primary domestic currency: U.S. dollar Data last updated: 08/2020,12.0,11.8,10.8,9.2,8.3,10.419999999999998
80,Romania,Unemployment rate,"Unemployment rate can be defined by either the national definition, the ILO harmonized definition, or the OECD harmonized definition. The OECD harmonized unemployment rate gives the number of unemployed persons as a percentage of the labor force (the total number of people employed plus unemployed). [OECD Main Economic Indicators, OECD, monthly] As defined by the International Labour Organization, unemployed workers are those who are currently not working but are willing and able to work for pay, currently available to work, and have actively searched for work. [ILO, http://www.ilo.org/public/english/bureau/stat/res/index.htm]",Percent of total labor force,"Source: Haver Analytics. Formally, Eurostat. Latest actual data: 2019 Employment type: Harmonized ILO definition Primary domestic currency: Romanian leu Data last updated: 09/2020",6.812,5.902,4.927,4.187,3.912,5.148
81,Russia,Unemployment rate,"Unemployment rate can be defined by either the national definition, the ILO harmonized definition, or the OECD harmonized definition. The OECD harmonized unemployment rate gives the number of unemployed persons as a percentage of the labor force (the total number of people employed plus unemployed). [OECD Main Economic Indicators, OECD, monthly] As defined by the International Labour Organization, unemployed workers are those who are currently not working but are willing and able to work for pay, currently available to work, and have actively searched for work. [ILO, http://www.ilo.org/public/english/bureau/stat/res/index.htm]",Percent of total labor force,Source: Haver Analytics Latest actual data: 2019 Employment type: Harmonized ILO definition Primary domestic currency: Russian ruble Data last updated: 09/2020,5.575,5.525,5.2,4.8,4.6,5.140000000000001
82,San Marino,Unemployment rate,"Unemployment rate can be defined by either the national definition, the ILO harmonized definition, or the OECD harmonized definition. The OECD harmonized unemployment rate gives the number of unemployed persons as a percentage of the labor force (the total number of people employed plus unemployed). [OECD Main Economic Indicators, OECD, monthly] As defined by the International Labour Organization, unemployed workers are those who are currently not working but are willing and able to work for pay, currently available to work, and have actively searched for work. [ILO, http://www.ilo.org/public/english/bureau/stat/res/index.htm]",Percent of total labor force,Source: National Statistics Office Latest actual data: 2018 Primary domestic currency: Euro Data last updated: 09/2020,9.182,8.597,8.095,8.009,7.66,8.308600000000002
83,Saudi Arabia,Unemployment rate,"Unemployment rate can be defined by either the national definition, the ILO harmonized definition, or the OECD harmonized definition. The OECD harmonized unemployment rate gives the number of unemployed persons as a percentage of the labor force (the total number of people employed plus unemployed). [OECD Main Economic Indicators, OECD, monthly] As defined by the International Labour Organization, unemployed workers are those who are currently not working but are willing and able to work for pay, currently available to work, and have actively searched for work. [ILO, http://www.ilo.org/public/english/bureau/stat/res/index.htm]",Percent of total labor force,"Source: National Statistics Office. General Authority for Statistics, Kingdom of Saudi Arabia (GSTAT) Latest actual data: 2019 Employment type: Harmonized ILO definition. unemployment rate updated to include expat workers, previously only nationals Primary domestic currency: Saudi Arabian riyal Data last updated: 09/2020",5.591,5.6,6.0,6.0,5.625,5.763199999999999
84,Serbia,Unemployment rate,"Unemployment rate can be defined by either the national definition, the ILO harmonized definition, or the OECD harmonized definition. The OECD harmonized unemployment rate gives the number of unemployed persons as a percentage of the labor force (the total number of people employed plus unemployed). [OECD Main Economic Indicators, OECD, monthly] As defined by the International Labour Organization, unemployed workers are those who are currently not working but are willing and able to work for pay, currently available to work, and have actively searched for work. [ILO, http://www.ilo.org/public/english/bureau/stat/res/index.htm]",Percent of total labor force,Source: National Statistics Office. Statistical Office of the Republic of Serbia Latest actual data: 2019 Notes: The Labor Force Survey is conducted every quarter since Q1 2014. Employment type: Harmonized ILO definition. The methodology is harmonized with ILO and Eurostat. Primary domestic currency: Serbian dinar Data last updated: 09/2020,18.231,15.917,14.051,13.273,10.909,14.476200000000002
85,Seychelles,Unemployment rate,"Unemployment rate can be defined by either the national definition, the ILO harmonized definition, or the OECD harmonized definition. The OECD harmonized unemployment rate gives the number of unemployed persons as a percentage of the labor force (the total number of people employed plus unemployed). [OECD Main Economic Indicators, OECD, monthly] As defined by the International Labour Organization, unemployed workers are those who are currently not working but are willing and able to work for pay, currently available to work, and have actively searched for work. [ILO, http://www.ilo.org/public/english/bureau/stat/res/index.htm]",Percent of total labor force,Source: National Statistics Office Latest actual data: 2015 Employment type: National definition Primary domestic currency: Seychelles rupee Data last updated: 07/2020,2.684,2.684,3.0,3.0,3.0,2.8736
86,Singapore,Unemployment rate,"Unemployment rate can be defined by either the national definition, the ILO harmonized definition, or the OECD harmonized definition. The OECD harmonized unemployment rate gives the number of unemployed persons as a percentage of the labor force (the total number of people employed plus unemployed). [OECD Main Economic Indicators, OECD, monthly] As defined by the International Labour Organization, unemployed workers are those who are currently not working but are willing and able to work for pay, currently available to work, and have actively searched for work. [ILO, http://www.ilo.org/public/english/bureau/stat/res/index.htm]",Percent of total labor force,Source: National Statistics Office Latest actual data: 2019 Employment type: National definition. Prior to 1986 unemployment data excludes non-residents. Primary domestic currency: Singapore dollar Data last updated: 09/2020,1.9,2.075,2.175,2.1,2.25,2.1
87,Slovak Republic,Unemployment rate,"Unemployment rate can be defined by either the national definition, the ILO harmonized definition, or the OECD harmonized definition. The OECD harmonized unemployment rate gives the number of unemployed persons as a percentage of the labor force (the total number of people employed plus unemployed). [OECD Main Economic Indicators, OECD, monthly] As defined by the International Labour Organization, unemployed workers are those who are currently not working but are willing and able to work for pay, currently available to work, and have actively searched for work. [ILO, http://www.ilo.org/public/english/bureau/stat/res/index.htm]",Percent of total labor force,Source: Haver Analytics. National Statistical Office Latest actual data: 2019 Employment type: Harmonized ILO definition Primary domestic currency: Euro Data last updated: 09/2020,11.483,9.683,8.108,6.542,5.758,8.314800000000002
88,Slovenia,Unemployment rate,"Unemployment rate can be defined by either the national definition, the ILO harmonized definition, or the OECD harmonized definition. The OECD harmonized unemployment rate gives the number of unemployed persons as a percentage of the labor force (the total number of people employed plus unemployed). [OECD Main Economic Indicators, OECD, monthly] As defined by the International Labour Organization, unemployed workers are those who are currently not working but are willing and able to work for pay, currently available to work, and have actively searched for work. [ILO, http://www.ilo.org/public/english/bureau/stat/res/index.htm]",Percent of total labor force,Source: National Statistics Office Latest actual data: 2019 Employment type: Harmonized ILO definition Primary domestic currency: Euro Data last updated: 09/2020,8.992,8.008,6.575,5.125,4.6,6.659999999999999
89,South Africa,Unemployment rate,"Unemployment rate can be defined by either the national definition, the ILO harmonized definition, or the OECD harmonized definition. The OECD harmonized unemployment rate gives the number of unemployed persons as a percentage of the labor force (the total number of people employed plus unemployed). [OECD Main Economic Indicators, OECD, monthly] As defined by the International Labour Organization, unemployed workers are those who are currently not working but are willing and able to work for pay, currently available to work, and have actively searched for work. [ILO, http://www.ilo.org/public/english/bureau/stat/res/index.htm]",Percent of total labor force,Source: National Statistics Office Latest actual data: 2019 Employment type: National definition Primary domestic currency: South African rand Data last updated: 09/2020,25.35,26.725,27.45,27.125,28.7,27.07
90,Spain,Unemployment rate,"Unemployment rate can be defined by either the national definition, the ILO harmonized definition, or the OECD harmonized definition. The OECD harmonized unemployment rate gives the number of unemployed persons as a percentage of the labor force (the total number of people employed plus unemployed). [OECD Main Economic Indicators, OECD, monthly] As defined by the International Labour Organization, unemployed workers are those who are currently not working but are willing and able to work for pay, currently available to work, and have actively searched for work. [ILO, http://www.ilo.org/public/english/bureau/stat/res/index.htm]",Percent of total labor force,Source: National Statistics Office Latest actual data: 2019 Employment type: Harmonized ILO definition Primary domestic currency: Euro Data last updated: 09/2020,22.058,19.635,17.225,15.255,14.105,17.6556
91,Sri Lanka,Unemployment rate,"Unemployment rate can be defined by either the national definition, the ILO harmonized definition, or the OECD harmonized definition. The OECD harmonized unemployment rate gives the number of unemployed persons as a percentage of the labor force (the total number of people employed plus unemployed). [OECD Main Economic Indicators, OECD, monthly] As defined by the International Labour Organization, unemployed workers are those who are currently not working but are willing and able to work for pay, currently available to work, and have actively searched for work. [ILO, http://www.ilo.org/public/english/bureau/stat/res/index.htm]",Percent of total labor force,Source: National Statistics Office. Department of Census and Statistics Latest actual data: 2018 Primary domestic currency: Sri Lanka rupee Data last updated: 09/2020,4.7,4.4,4.2,4.4,4.8,4.500000000000001
92,Sudan,Unemployment rate,"Unemployment rate can be defined by either the national definition, the ILO harmonized definition, or the OECD harmonized definition. The OECD harmonized unemployment rate gives the number of unemployed persons as a percentage of the labor force (the total number of people employed plus unemployed). [OECD Main Economic Indicators, OECD, monthly] As defined by the International Labour Organization, unemployed workers are those who are currently not working but are willing and able to work for pay, currently available to work, and have actively searched for work. [ILO, http://www.ilo.org/public/english/bureau/stat/res/index.htm]",Percent of total labor force,"Source: Ministry of Labor and Civil Service and Human Resource Development and staff estimates., World Bank estimates. Latest actual data: 2011 Employment type: Not applicable Primary domestic currency: Sudanese pound Data last updated: 09/2020",21.6,20.6,19.6,19.5,22.1,20.68
93,Suriname,Unemployment rate,"Unemployment rate can be defined by either the national definition, the ILO harmonized definition, or the OECD harmonized definition. The OECD harmonized unemployment rate gives the number of unemployed persons as a percentage of the labor force (the total number of people employed plus unemployed). [OECD Main Economic Indicators, OECD, monthly] As defined by the International Labour Organization, unemployed workers are those who are currently not working but are willing and able to work for pay, currently available to work, and have actively searched for work. [ILO, http://www.ilo.org/public/english/bureau/stat/res/index.htm]",Percent of total labor force,"Source: National Statistics Office. Data published by the Central Bank of Suriname (Table 23), compiled by the National Statistics Office. Latest actual data: 2018 Employment type: National definition Primary domestic currency: Surinamese dollar Data last updated: 09/2020",7.0,10.0,7.0,9.0,8.953,8.390600000000001
94,Sweden,Unemployment rate,"Unemployment rate can be defined by either the national definition, the ILO harmonized definition, or the OECD harmonized definition. The OECD harmonized unemployment rate gives the number of unemployed persons as a percentage of the labor force (the total number of people employed plus unemployed). [OECD Main Economic Indicators, OECD, monthly] As defined by the International Labour Organization, unemployed workers are those who are currently not working but are willing and able to work for pay, currently available to work, and have actively searched for work. [ILO, http://www.ilo.org/public/english/bureau/stat/res/index.htm]",Percent of total labor force,Source: National Statistics Office. National Statistics Office Latest actual data: 2019 Employment type: National definition Primary domestic currency: Swedish krona Data last updated: 09/2020,7.4,6.95,6.683,6.325,6.767,6.825
95,Switzerland,Unemployment rate,"Unemployment rate can be defined by either the national definition, the ILO harmonized definition, or the OECD harmonized definition. The OECD harmonized unemployment rate gives the number of unemployed persons as a percentage of the labor force (the total number of people employed plus unemployed). [OECD Main Economic Indicators, OECD, monthly] As defined by the International Labour Organization, unemployed workers are those who are currently not working but are willing and able to work for pay, currently available to work, and have actively searched for work. [ILO, http://www.ilo.org/public/english/bureau/stat/res/index.htm]",Percent of total labor force,Source: State Secretariat for Economic Affairs (SECO) Latest actual data: 2019 Employment type: National definition Primary domestic currency: Swiss franc Data last updated: 09/2020,3.178,3.323,3.088,2.547,2.306,2.8884
96,Taiwan Province of China,Unemployment rate,"Unemployment rate can be defined by either the national definition, the ILO harmonized definition, or the OECD harmonized definition. The OECD harmonized unemployment rate gives the number of unemployed persons as a percentage of the labor force (the total number of people employed plus unemployed). [OECD Main Economic Indicators, OECD, monthly] As defined by the International Labour Organization, unemployed workers are those who are currently not working but are willing and able to work for pay, currently available to work, and have actively searched for work. [ILO, http://www.ilo.org/public/english/bureau/stat/res/index.htm]",Percent of total labor force,"Source: CEIC Latest actual data: 2018 Employment type: National definition. Labor Force It is defined as those civilians who, during the reference week, are 15 years of age or over and who are available to work, including both the employed and the unemployed. Employed Population Including all persons who, during the reference week, work for pay or work for 15 hours or more as unpaid family workers.  Unemployed Population Including all the persons who, during the reference week, are 15 years of age or over and under the following conditions: - No job - Available to work - Seeking for a job, or had sought work waiting for result.  Besides, the unemployed population also includes the persons who are waiting to recall or start a new job but not working and paid yet Primary domestic currency: New Taiwan dollar Data last updated: 09/2020",3.78,3.92,3.76,3.71,3.8,3.7939999999999996
97,Thailand,Unemployment rate,"Unemployment rate can be defined by either the national definition, the ILO harmonized definition, or the OECD harmonized definition. The OECD harmonized unemployment rate gives the number of unemployed persons as a percentage of the labor force (the total number of people employed plus unemployed). [OECD Main Economic Indicators, OECD, monthly] As defined by the International Labour Organization, unemployed workers are those who are currently not working but are willing and able to work for pay, currently available to work, and have actively searched for work. [ILO, http://www.ilo.org/public/english/bureau/stat/res/index.htm]",Percent of total labor force,"Source: National Statistics Office. Labour Force Survey, downloaded from CEIC Latest actual data: 2018 Employment type: National definition Primary domestic currency: Thai baht Data last updated: 09/2020",0.9,1.0,1.2,1.1,1.0,1.0399999999999998
98,Tunisia,Unemployment rate,"Unemployment rate can be defined by either the national definition, the ILO harmonized definition, or the OECD harmonized definition. The OECD harmonized unemployment rate gives the number of unemployed persons as a percentage of the labor force (the total number of people employed plus unemployed). [OECD Main Economic Indicators, OECD, monthly] As defined by the International Labour Organization, unemployed workers are those who are currently not working but are willing and able to work for pay, currently available to work, and have actively searched for work. [ILO, http://www.ilo.org/public/english/bureau/stat/res/index.htm]",Percent of total labor force,Source: National Statistics Office Latest actual data: 2019 Employment type: Harmonized ILO definition Primary domestic currency: Tunisian dinar Data last updated: 08/2020,15.39,15.544,15.513,15.53,14.889,15.3732
99,Turkey,Unemployment rate,"Unemployment rate can be defined by either the national definition, the ILO harmonized definition, or the OECD harmonized definition. The OECD harmonized unemployment rate gives the number of unemployed persons as a percentage of the labor force (the total number of people employed plus unemployed). [OECD Main Economic Indicators, OECD, monthly] As defined by the International Labour Organization, unemployed workers are those who are currently not working but are willing and able to work for pay, currently available to work, and have actively searched for work. [ILO, http://www.ilo.org/public/english/bureau/stat/res/index.htm]",Percent of total labor force,Source: Haver Analytics. Data from Turkish Statistical Institute (TurkStat) Latest actual data: 2019 Employment type: National definition Primary domestic currency: Turkish lira Data last updated: 09/2020,10.279,10.907,10.904,10.955,13.709,11.350800000000001
100,Ukraine,Unemployment rate,"Unemployment rate can be defined by either the national definition, the ILO harmonized definition, or the OECD harmonized definition. The OECD harmonized unemployment rate gives the number of unemployed persons as a percentage of the labor force (the total number of people employed plus unemployed). [OECD Main Economic Indicators, OECD, monthly] As defined by the International Labour Organization, unemployed workers are those who are currently not working but are willing and able to work for pay, currently available to work, and have actively searched for work. [ILO, http://www.ilo.org/public/english/bureau/stat/res/index.htm]",Percent of total labor force,"Source: Haver Analytics. Formally, the State Statistics Committee of Ukraine Latest actual data: 2019. Starting in 2014, data excludes Crimea and Sevastopol.  Data officially published for 2013 have been recalculated by the IMF staff to exclude Crimea and Sevastopol to ensure a comparable base going forward. Employment type: National definition Primary domestic currency: Ukrainian hryvnia Data last updated: 09/2020",9.143,9.45,9.65,9.0,8.5,9.1486
101,United Kingdom,Unemployment rate,"Unemployment rate can be defined by either the national definition, the ILO harmonized definition, or the OECD harmonized definition. The OECD harmonized unemployment rate gives the number of unemployed persons as a percentage of the labor force (the total number of people employed plus unemployed). [OECD Main Economic Indicators, OECD, monthly] As defined by the International Labour Organization, unemployed workers are those who are currently not working but are willing and able to work for pay, currently available to work, and have actively searched for work. [ILO, http://www.ilo.org/public/english/bureau/stat/res/index.htm]",Percent of total labor force,Source: National Statistics Office Latest actual data: 2019 Employment type: Harmonized ILO definition Primary domestic currency: Pound sterling Data last updated: 09/2020,5.375,4.875,4.425,4.075,3.825,4.515
102,United States,Unemployment rate,"Unemployment rate can be defined by either the national definition, the ILO harmonized definition, or the OECD harmonized definition. The OECD harmonized unemployment rate gives the number of unemployed persons as a percentage of the labor force (the total number of people employed plus unemployed). [OECD Main Economic Indicators, OECD, monthly] As defined by the International Labour Organization, unemployed workers are those who are currently not working but are willing and able to work for pay, currently available to work, and have actively searched for work. [ILO, http://www.ilo.org/public/english/bureau/stat/res/index.htm]",Percent of total labor force,Source: National Statistics Office Latest actual data: 2019 Employment type: National definition Primary domestic currency: U.S. dollar Data last updated: 09/2020,5.275,4.875,4.342,3.892,3.667,4.410200000000001
103,Uruguay,Unemployment rate,"Unemployment rate can be defined by either the national definition, the ILO harmonized definition, or the OECD harmonized definition. The OECD harmonized unemployment rate gives the number of unemployed persons as a percentage of the labor force (the total number of people employed plus unemployed). [OECD Main Economic Indicators, OECD, monthly] As defined by the International Labour Organization, unemployed workers are those who are currently not working but are willing and able to work for pay, currently available to work, and have actively searched for work. [ILO, http://www.ilo.org/public/english/bureau/stat/res/index.htm]",Percent of total labor force,Source: National Statistics Office Latest actual data: 2019 Employment type: National definition Primary domestic currency: Uruguayan peso Data last updated: 09/2020,7.533,7.867,7.925,8.367,8.925,8.1234
104,Vietnam,Unemployment rate,"Unemployment rate can be defined by either the national definition, the ILO harmonized definition, or the OECD harmonized definition. The OECD harmonized unemployment rate gives the number of unemployed persons as a percentage of the labor force (the total number of people employed plus unemployed). [OECD Main Economic Indicators, OECD, monthly] As defined by the International Labour Organization, unemployed workers are those who are currently not working but are willing and able to work for pay, currently available to work, and have actively searched for work. [ILO, http://www.ilo.org/public/english/bureau/stat/res/index.htm]",Percent of total labor force,Source: Other Latest actual data: 2019 Employment type: National definition Primary domestic currency: Vietnamese dong Data last updated: 09/2020,2.33,2.33,2.21,2.21,2.21,2.258
105,West Bank and Gaza,Unemployment rate,"Unemployment rate can be defined by either the national definition, the ILO harmonized definition, or the OECD harmonized definition. The OECD harmonized unemployment rate gives the number of unemployed persons as a percentage of the labor force (the total number of people employed plus unemployed). [OECD Main Economic Indicators, OECD, monthly] As defined by the International Labour Organization, unemployed workers are those who are currently not working but are willing and able to work for pay, currently available to work, and have actively searched for work. [ILO, http://www.ilo.org/public/english/bureau/stat/res/index.htm]",Percent of total labor force,Source: National Statistics Office Latest actual data: 2019 Employment type: Harmonized ILO definition Primary domestic currency: Israeli New Shekel Data last updated: 09/2020,25.9,26.9,25.45,26.25,25.35,25.97
